"STATION","NAME","DATE","PRCP","SNOW","TAVG","TMAX","TMIN"
"USW00014913","DULUTH INTERNATIONAL AIRPORT, MN US","1980-01","1.55","21.9","8.7","17.1","0.2"
"USW00014913","DULUTH INTERNATIONAL AIRPORT, MN US","1980-02","0.56","10.3","10.6","19.5","1.8"
"USW00014913","DULUTH INTERNATIONAL AIRPORT, MN US","1980-03","1.02","12.6","19.7","29.1","10.3"
"USW00014913","DULUTH INTERNATIONAL AIRPORT, MN US","1980-04","0.41","1.5","41.4","52.1","30.7"
"USW00014913","DULUTH INTERNATIONAL AIRPORT, MN US","1980-05","0.82","0.0","54.9","67.1","42.7"
"USW00014913","DULUTH INTERNATIONAL AIRPORT, MN US","1980-06","2.35","0.0","59.5","70.9","48.1"
"USW00014913","DULUTH INTERNATIONAL AIRPORT, MN US","1980-07","3.94","0.0","67.5","79.5","55.6"
"USW00014913","DULUTH INTERNATIONAL AIRPORT, MN US","1980-08","5.36","0.0","63.6","72.4","54.8"
"USW00014913","DULUTH INTERNATIONAL AIRPORT, MN US","1980-09","6.61","0.0","52.9","61.6","44.2"
"USW00014913","DULUTH INTERNATIONAL AIRPORT, MN US","1980-10","1.64","1.3","38.9","46.7","31.1"
"USW00014913","DULUTH INTERNATIONAL AIRPORT, MN US","1980-11","0.70","1.6","30.0","36.8","23.3"
"USW00014913","DULUTH INTERNATIONAL AIRPORT, MN US","1980-12","0.63","7.2","11.6","19.7","3.5"
"USW00014913","DULUTH INTERNATIONAL AIRPORT, MN US","1981-01","0.33","4.7","11.8","21.4","2.3"
"USW00014913","DULUTH INTERNATIONAL AIRPORT, MN US","1981-02","1.50","13.3","16.4","23.6","9.0"
"USW00014913","DULUTH INTERNATIONAL AIRPORT, MN US","1981-03","1.06","4.3","28.2","37.5","19.0"
"USW00014913","DULUTH INTERNATIONAL AIRPORT, MN US","1981-04","4.48","4.3","39.1","48.3","30.0"
"USW00014913","DULUTH INTERNATIONAL AIRPORT, MN US","1981-05","1.15","0.0","50.1","61.6","38.7"
"USW00014913","DULUTH INTERNATIONAL AIRPORT, MN US","1981-06","5.83","0.0","58.7","68.2","49.2"
"USW00014913","DULUTH INTERNATIONAL AIRPORT, MN US","1981-07","3.26","0.0","65.5","75.7","55.3"
"USW00014913","DULUTH INTERNATIONAL AIRPORT, MN US","1981-08","2.85","0.0","64.3","72.8","55.8"
"USW00014913","DULUTH INTERNATIONAL AIRPORT, MN US","1981-09","2.42","0.0","52.9","62.1","43.7"
"USW00014913","DULUTH INTERNATIONAL AIRPORT, MN US","1981-10","3.59","1.4","40.4","47.7","33.2"
"USW00014913","DULUTH INTERNATIONAL AIRPORT, MN US","1981-11","0.97","12.5","34.6","41.6","27.7"
"USW00014913","DULUTH INTERNATIONAL AIRPORT, MN US","1981-12","0.97","15.6","14.8","21.5","8.0"
"USW00014913","DULUTH INTERNATIONAL AIRPORT, MN US","1982-01","2.03","34.3","-3.2","7.4","-13.9"
"USW00014913","DULUTH INTERNATIONAL AIRPORT, MN US","1982-02","0.48","8.1","10.6","19.6","1.5"
"USW00014913","DULUTH INTERNATIONAL AIRPORT, MN US","1982-03","2.06","17.9","20.8","29.2","12.4"
"USW00014913","DULUTH INTERNATIONAL AIRPORT, MN US","1982-04","2.06","6.3","35.7","45.5","25.9"
"USW00014913","DULUTH INTERNATIONAL AIRPORT, MN US","1982-05","4.31","0.0","52.8","62.5","43.1"
"USW00014913","DULUTH INTERNATIONAL AIRPORT, MN US","1982-06","1.97","0.0","54.8","66.3","43.3"
"USW00014913","DULUTH INTERNATIONAL AIRPORT, MN US","1982-07","6.21","0.0","64.5","74.0","55.0"
"USW00014913","DULUTH INTERNATIONAL AIRPORT, MN US","1982-08","1.61","0.0","60.8","70.6","50.9"
"USW00014913","DULUTH INTERNATIONAL AIRPORT, MN US","1982-09","4.20","0.0","54.3","62.8","45.8"
"USW00014913","DULUTH INTERNATIONAL AIRPORT, MN US","1982-10","5.08","0.8","45.0","51.8","38.3"
"USW00014913","DULUTH INTERNATIONAL AIRPORT, MN US","1982-11","3.08","16.0","24.4","31.3","17.5"
"USW00014913","DULUTH INTERNATIONAL AIRPORT, MN US","1982-12","1.19","21.5","19.6","26.4","12.8"
"USW00014913","DULUTH INTERNATIONAL AIRPORT, MN US","1983-01","1.34","15.7","13.2","20.8","5.6"
"USW00014913","DULUTH INTERNATIONAL AIRPORT, MN US","1983-02","0.49","9.0","21.0","26.9","15.2"
"USW00014913","DULUTH INTERNATIONAL AIRPORT, MN US","1983-03","2.06","10.0","25.6","30.9","20.2"
"USW00014913","DULUTH INTERNATIONAL AIRPORT, MN US","1983-04","2.28","23.7","35.1","43.1","27.1"
"USW00014913","DULUTH INTERNATIONAL AIRPORT, MN US","1983-05","2.12","0.0","46.7","57.3","36.1"
"USW00014913","DULUTH INTERNATIONAL AIRPORT, MN US","1983-06","2.01","0.0","59.9","70.6","49.2"
"USW00014913","DULUTH INTERNATIONAL AIRPORT, MN US","1983-07","3.51","0.0","69.5","79.4","59.7"
"USW00014913","DULUTH INTERNATIONAL AIRPORT, MN US","1983-08","3.37","0.0","69.7","79.6","59.7"
"USW00014913","DULUTH INTERNATIONAL AIRPORT, MN US","1983-09","5.58","0.0","56.6","64.5","48.6"
"USW00014913","DULUTH INTERNATIONAL AIRPORT, MN US","1983-10","2.32","0.0","44.9","50.9","38.8"
"USW00014913","DULUTH INTERNATIONAL AIRPORT, MN US","1983-11","5.02","37.7","31.5","35.9","27.2"
"USW00014913","DULUTH INTERNATIONAL AIRPORT, MN US","1983-12","1.97","32.1","1.8","10.2","-6.7"
"USW00014913","DULUTH INTERNATIONAL AIRPORT, MN US","1984-01","0.79","20.1","7.1","15.7","-1.6"
"USW00014913","DULUTH INTERNATIONAL AIRPORT, MN US","1984-02","0.62","4.1","23.0","29.9","16.1"
"USW00014913","DULUTH INTERNATIONAL AIRPORT, MN US","1984-03","0.54","9.9","18.7","26.9","10.6"
"USW00014913","DULUTH INTERNATIONAL AIRPORT, MN US","1984-04","2.35","3.3","42.4","51.9","32.9"
"USW00014913","DULUTH INTERNATIONAL AIRPORT, MN US","1984-05","1.84","0.3","50.5","61.2","39.7"
"USW00014913","DULUTH INTERNATIONAL AIRPORT, MN US","1984-06","5.71","0.0","61.3","72.7","50.0"
"USW00014913","DULUTH INTERNATIONAL AIRPORT, MN US","1984-07","1.33","0.0","66.6","78.8","54.4"
"USW00014913","DULUTH INTERNATIONAL AIRPORT, MN US","1984-08","1.96","0.0","67.7","78.0","57.4"
"USW00014913","DULUTH INTERNATIONAL AIRPORT, MN US","1984-09","3.82","0.0","51.9","62.0","41.8"
"USW00014913","DULUTH INTERNATIONAL AIRPORT, MN US","1984-10","5.19","3.5","45.7","52.9","38.5"
"USW00014913","DULUTH INTERNATIONAL AIRPORT, MN US","1984-11","0.82","2.4","28.4","35.5","21.2"
"USW00014913","DULUTH INTERNATIONAL AIRPORT, MN US","1984-12","1.91","8.2","13.2","20.9","5.4"
"USW00014913","DULUTH INTERNATIONAL AIRPORT, MN US","1985-01","0.40","15.4","6.5","15.6","-2.7"
"USW00014913","DULUTH INTERNATIONAL AIRPORT, MN US","1985-02","0.66","12.0","11.5","20.7","2.4"
"USW00014913","DULUTH INTERNATIONAL AIRPORT, MN US","1985-03","1.85","26.7","30.3","37.4","23.1"
"USW00014913","DULUTH INTERNATIONAL AIRPORT, MN US","1985-04","2.36","0.1","42.0","51.9","32.2"
"USW00014913","DULUTH INTERNATIONAL AIRPORT, MN US","1985-05","4.44","0.0","54.9","65.8","44.0"
"USW00014913","DULUTH INTERNATIONAL AIRPORT, MN US","1985-06","3.18","0.0","56.5","68.1","44.9"
"USW00014913","DULUTH INTERNATIONAL AIRPORT, MN US","1985-07","4.16","0.0","64.6","76.4","52.8"
"USW00014913","DULUTH INTERNATIONAL AIRPORT, MN US","1985-08","3.92","0.0","59.7","69.9","49.4"
"USW00014913","DULUTH INTERNATIONAL AIRPORT, MN US","1985-09","6.02","0.7","52.1","61.3","42.9"
"USW00014913","DULUTH INTERNATIONAL AIRPORT, MN US","1985-10","1.76","2.3","42.7","52.3","33.0"
"USW00014913","DULUTH INTERNATIONAL AIRPORT, MN US","1985-11","2.33","34.1","19.9","27.1","12.7"
"USW00014913","DULUTH INTERNATIONAL AIRPORT, MN US","1985-12","0.78","18.7","3.0","11.5","-5.6"
"USW00014913","DULUTH INTERNATIONAL AIRPORT, MN US","1986-01","0.67","11.6","11.7","20.3","3.0"
"USW00014913","DULUTH INTERNATIONAL AIRPORT, MN US","1986-02","0.74","10.4","11.5","20.5","2.4"
"USW00014913","DULUTH INTERNATIONAL AIRPORT, MN US","1986-03","0.88","11.5","28.4","38.0","18.9"
"USW00014913","DULUTH INTERNATIONAL AIRPORT, MN US","1986-04","4.11","0.2","42.0","51.9","32.2"
"USW00014913","DULUTH INTERNATIONAL AIRPORT, MN US","1986-05","2.59","0.0","51.8","63.8","39.8"
"USW00014913","DULUTH INTERNATIONAL AIRPORT, MN US","1986-06","8.04","0.0","58.8","70.9","46.8"
"USW00014913","DULUTH INTERNATIONAL AIRPORT, MN US","1986-07","4.58","0.0","64.7","74.9","54.4"
"USW00014913","DULUTH INTERNATIONAL AIRPORT, MN US","1986-08","5.29","0.0","60.7","71.2","50.3"
"USW00014913","DULUTH INTERNATIONAL AIRPORT, MN US","1986-09","6.26","0.0","52.7","61.3","44.0"
"USW00014913","DULUTH INTERNATIONAL AIRPORT, MN US","1986-10","0.67","1.8","43.4","52.4","34.2"
"USW00014913","DULUTH INTERNATIONAL AIRPORT, MN US","1986-11","2.01","8.3","24.0","32.2","15.7"
"USW00014913","DULUTH INTERNATIONAL AIRPORT, MN US","1986-12","0.45","7.4","18.8","26.0","11.6"
"USW00014913","DULUTH INTERNATIONAL AIRPORT, MN US","1987-01","0.69","11.3","15.3","23.3","7.2"
"USW00014913","DULUTH INTERNATIONAL AIRPORT, MN US","1987-02","0.31","5.2","23.6","32.4","14.9"
"USW00014913","DULUTH INTERNATIONAL AIRPORT, MN US","1987-03","0.60","6.7","31.6","40.3","22.9"
"USW00014913","DULUTH INTERNATIONAL AIRPORT, MN US","1987-04","0.24","0.3","46.1","60.5","31.6"
"USW00014913","DULUTH INTERNATIONAL AIRPORT, MN US","1987-05","4.02","0.0","53.0","64.4","41.7"
"USW00014913","DULUTH INTERNATIONAL AIRPORT, MN US","1987-06","0.83","0.0","63.1","76.6","49.6"
"USW00014913","DULUTH INTERNATIONAL AIRPORT, MN US","1987-07","5.47","0.0","67.6","78.6","56.6"
"USW00014913","DULUTH INTERNATIONAL AIRPORT, MN US","1987-08","1.87","0.0","63.4","74.4","52.5"
"USW00014913","DULUTH INTERNATIONAL AIRPORT, MN US","1987-09","2.93","0.0","57.2","67.7","46.7"
"USW00014913","DULUTH INTERNATIONAL AIRPORT, MN US","1987-10","0.96","3.9","39.4","48.1","30.8"
"USW00014913","DULUTH INTERNATIONAL AIRPORT, MN US","1987-11","1.26","5.8","32.2","40.1","24.3"
"USW00014913","DULUTH INTERNATIONAL AIRPORT, MN US","1987-12","0.67","11.3","20.4","26.9","13.8"
"USW00014913","DULUTH INTERNATIONAL AIRPORT, MN US","1988-01","0.79","16.8","4.8","14.9","-5.3"
"USW00014913","DULUTH INTERNATIONAL AIRPORT, MN US","1988-02","0.13","2.4","6.2","17.6","-5.3"
"USW00014913","DULUTH INTERNATIONAL AIRPORT, MN US","1988-03","2.55","13.7","24.4","32.6","16.1"
"USW00014913","DULUTH INTERNATIONAL AIRPORT, MN US","1988-04","0.44","0.1","40.0","52.0","28.1"
"USW00014913","DULUTH INTERNATIONAL AIRPORT, MN US","1988-05","3.96","0.0","56.0","69.9","42.2"
"USW00014913","DULUTH INTERNATIONAL AIRPORT, MN US","1988-06","4.56","0.0","62.8","76.2","49.3"
"USW00014913","DULUTH INTERNATIONAL AIRPORT, MN US","1988-07","1.14","0.0","69.9","84.1","55.8"
"USW00014913","DULUTH INTERNATIONAL AIRPORT, MN US","1988-08","6.83","0.0","64.5","73.8","55.2"
"USW00014913","DULUTH INTERNATIONAL AIRPORT, MN US","1988-09","6.18","0.0","55.3","65.0","45.7"
"USW00014913","DULUTH INTERNATIONAL AIRPORT, MN US","1988-10","1.06","0.3","38.5","47.8","29.3"
"USW00014913","DULUTH INTERNATIONAL AIRPORT, MN US","1988-11","3.44","24.3","28.8","34.4","23.3"
"USW00014913","DULUTH INTERNATIONAL AIRPORT, MN US","1988-12","1.13","20.7","13.5","22.6","4.4"
"USW00014913","DULUTH INTERNATIONAL AIRPORT, MN US","1989-01","1.88","31.3","14.3","24.2","4.3"
"USW00014913","DULUTH INTERNATIONAL AIRPORT, MN US","1989-02","0.34","5.3","3.4","14.4","-7.7"
"USW00014913","DULUTH INTERNATIONAL AIRPORT, MN US","1989-03","1.49","17.7","18.8","27.8","9.9"
"USW00014913","DULUTH INTERNATIONAL AIRPORT, MN US","1989-04","2.11","19.0","36.7","46.1","27.4"
"USW00014913","DULUTH INTERNATIONAL AIRPORT, MN US","1989-05","3.50","0.7","51.7","64.0","39.3"
"USW00014913","DULUTH INTERNATIONAL AIRPORT, MN US","1989-06","3.82","0.0","58.4","69.4","47.3"
"USW00014913","DULUTH INTERNATIONAL AIRPORT, MN US","1989-07","1.10","0.0","68.6","80.7","56.4"
"USW00014913","DULUTH INTERNATIONAL AIRPORT, MN US","1989-08","5.02","0.0","64.8","75.4","54.2"
"USW00014913","DULUTH INTERNATIONAL AIRPORT, MN US","1989-09","4.41","0.0","55.8","67.0","44.7"
"USW00014913","DULUTH INTERNATIONAL AIRPORT, MN US","1989-10","1.02","0.6","44.4","55.6","33.2"
"USW00014913","DULUTH INTERNATIONAL AIRPORT, MN US","1989-11","1.02","8.5","23.1","31.0","15.3"
"USW00014913","DULUTH INTERNATIONAL AIRPORT, MN US","1989-12","0.63","14.3","4.1","13.0","-4.8"
"USW00014913","DULUTH INTERNATIONAL AIRPORT, MN US","1990-01","0.51","5.5","18.7","28.7","8.6"
"USW00014913","DULUTH INTERNATIONAL AIRPORT, MN US","1990-02","0.51","15.1","14.9","26.6","3.1"
"USW00014913","DULUTH INTERNATIONAL AIRPORT, MN US","1990-03","3.35","11.6","27.1","35.7","18.5"
"USW00014913","DULUTH INTERNATIONAL AIRPORT, MN US","1990-04","3.77","2.4","40.2","51.1","29.2"
"USW00014913","DULUTH INTERNATIONAL AIRPORT, MN US","1990-05","1.48","0.6","48.3","59.6","37.0"
"USW00014913","DULUTH INTERNATIONAL AIRPORT, MN US","1990-06","4.83","0.0","61.4","72.6","50.3"
"USW00014913","DULUTH INTERNATIONAL AIRPORT, MN US","1990-07","2.41","0.0","64.5","75.8","53.3"
"USW00014913","DULUTH INTERNATIONAL AIRPORT, MN US","1990-08","5.39","0.0","64.0","75.6","52.4"
"USW00014913","DULUTH INTERNATIONAL AIRPORT, MN US","1990-09","6.49","0.0","56.2","66.5","45.9"
"USW00014913","DULUTH INTERNATIONAL AIRPORT, MN US","1990-10","3.51","3.2","42.1","52.1","32.1"
"USW00014913","DULUTH INTERNATIONAL AIRPORT, MN US","1990-11","0.66","5.2","31.4","39.8","22.9"
"USW00014913","DULUTH INTERNATIONAL AIRPORT, MN US","1990-12","0.49","13.5","12.6","21.4","3.8"
"USW00014913","DULUTH INTERNATIONAL AIRPORT, MN US","1991-01","0.53","11.4","5.9","15.1","-3.3"
"USW00014913","DULUTH INTERNATIONAL AIRPORT, MN US","1991-02","0.55","9.7","19.3","29.5","9.2"
"USW00014913","DULUTH INTERNATIONAL AIRPORT, MN US","1991-03","1.18","9.6","26.0","34.8","17.3"
"USW00014913","DULUTH INTERNATIONAL AIRPORT, MN US","1991-04","3.90","8.5","42.6","53.1","32.2"
"USW00014913","DULUTH INTERNATIONAL AIRPORT, MN US","1991-05","6.11","2.9","54.8","64.8","44.7"
"USW00014913","DULUTH INTERNATIONAL AIRPORT, MN US","1991-06","5.65","0.0","61.6","72.0","51.3"
"USW00014913","DULUTH INTERNATIONAL AIRPORT, MN US","1991-07","5.33","0.0","63.8","74.0","53.5"
"USW00014913","DULUTH INTERNATIONAL AIRPORT, MN US","1991-08","2.49","0.0","66.3","77.9","54.7"
"USW00014913","DULUTH INTERNATIONAL AIRPORT, MN US","1991-09","9.39","2.4","52.9","62.2","43.7"
"USW00014913","DULUTH INTERNATIONAL AIRPORT, MN US","1991-10","2.85","4.3","40.4","48.8","32.0"
"USW00014913","DULUTH INTERNATIONAL AIRPORT, MN US","1991-11","4.89","50.1","22.0","28.7","15.2"
"USW00014913","DULUTH INTERNATIONAL AIRPORT, MN US","1991-12","0.61","12.9","15.9","24.5","7.3"
"USW00014913","DULUTH INTERNATIONAL AIRPORT, MN US","1992-01","0.61","9.4","16.7","24.0","9.3"
"USW00014913","DULUTH INTERNATIONAL AIRPORT, MN US","1992-02","0.59","10.7","21.1","28.7","13.6"
"USW00014913","DULUTH INTERNATIONAL AIRPORT, MN US","1992-03","0.85","0.8","25.9","34.6","17.1"
"USW00014913","DULUTH INTERNATIONAL AIRPORT, MN US","1992-04","2.87","9.7","36.2","43.9","28.4"
"USW00014913","DULUTH INTERNATIONAL AIRPORT, MN US","1992-05","2.88","0.0","53.7","66.5","41.0"
"USW00014913","DULUTH INTERNATIONAL AIRPORT, MN US","1992-06","5.04","0.0","56.3","67.6","45.0"
"USW00014913","DULUTH INTERNATIONAL AIRPORT, MN US","1992-07","3.64","0.0","59.4","69.9","48.9"
"USW00014913","DULUTH INTERNATIONAL AIRPORT, MN US","1992-08","4.13","0.0","60.5","70.9","50.1"
"USW00014913","DULUTH INTERNATIONAL AIRPORT, MN US","1992-09","3.90","0.0","53.8","64.3","43.2"
"USW00014913","DULUTH INTERNATIONAL AIRPORT, MN US","1992-10","1.13","5.1","41.6","51.0","32.3"
"USW00014913","DULUTH INTERNATIONAL AIRPORT, MN US","1992-11","1.84","29.4","27.3","31.7","22.9"
"USW00014913","DULUTH INTERNATIONAL AIRPORT, MN US","1992-12","1.24","15.6","15.9","23.7","8.1"
"USW00014913","DULUTH INTERNATIONAL AIRPORT, MN US","1993-01","1.80","25.0","11.9","20.7","3.1"
"USW00014913","DULUTH INTERNATIONAL AIRPORT, MN US","1993-02","0.39","10.0","14.5","23.3","5.6"
"USW00014913","DULUTH INTERNATIONAL AIRPORT, MN US","1993-03","0.45","5.8","27.0","36.5","17.6"
"USW00014913","DULUTH INTERNATIONAL AIRPORT, MN US","1993-04","2.42","3.6","37.2","45.2","29.1"
"USW00014913","DULUTH INTERNATIONAL AIRPORT, MN US","1993-05","4.75","0.0","50.2","59.4","41.0"
"USW00014913","DULUTH INTERNATIONAL AIRPORT, MN US","1993-06","6.95","0.0","57.1","65.6","48.6"
"USW00014913","DULUTH INTERNATIONAL AIRPORT, MN US","1993-07","5.76","0.0","63.6","72.0","55.2"
"USW00014913","DULUTH INTERNATIONAL AIRPORT, MN US","1993-08","3.63","0.0","65.0","74.1","55.8"
"USW00014913","DULUTH INTERNATIONAL AIRPORT, MN US","1993-09","1.81","0.0","49.5","58.1","40.9"
"USW00014913","DULUTH INTERNATIONAL AIRPORT, MN US","1993-10","0.57","0.6","39.9","49.7","30.2"
"USW00014913","DULUTH INTERNATIONAL AIRPORT, MN US","1993-11","2.61","28.6","24.3","31.7","17.0"
"USW00014913","DULUTH INTERNATIONAL AIRPORT, MN US","1993-12","1.28","15.2","16.9","23.5","10.4"
"USW00014913","DULUTH INTERNATIONAL AIRPORT, MN US","1994-01","1.86","35.3","-2.1","7.4","-11.6"
"USW00014913","DULUTH INTERNATIONAL AIRPORT, MN US","1994-02","0.63","8.0","6.5","16.4","-3.5"
"USW00014913","DULUTH INTERNATIONAL AIRPORT, MN US","1994-03","1.12","13.0","28.5","36.3","20.7"
"USW00014913","DULUTH INTERNATIONAL AIRPORT, MN US","1994-04","4.11","10.0","39.6","49.2","30.0"
"USW00014913","DULUTH INTERNATIONAL AIRPORT, MN US","1994-05","1.91","0.0","53.8","64.9","42.7"
"USW00014913","DULUTH INTERNATIONAL AIRPORT, MN US","1994-06","4.54","0.0","62.4","72.5","52.4"
"USW00014913","DULUTH INTERNATIONAL AIRPORT, MN US","1994-07","2.20","0.0","64.5","74.0","55.0"
"USW00014913","DULUTH INTERNATIONAL AIRPORT, MN US","1994-08","3.45","0.0","62.4","71.9","53.0"
"USW00014913","DULUTH INTERNATIONAL AIRPORT, MN US","1994-09","5.62","0.0","58.4","67.2","49.7"
"USW00014913","DULUTH INTERNATIONAL AIRPORT, MN US","1994-10","2.28","0.2","47.2","54.4","39.9"
"USW00014913","DULUTH INTERNATIONAL AIRPORT, MN US","1994-11","2.54","15.5","33.6","40.8","26.4"
"USW00014913","DULUTH INTERNATIONAL AIRPORT, MN US","1994-12","0.34","6.3","21.3","28.8","13.8"
"USW00014913","DULUTH INTERNATIONAL AIRPORT, MN US","1995-01","1.38","14.8","13.7","21.2","6.2"
"USW00014913","DULUTH INTERNATIONAL AIRPORT, MN US","1995-02","1.05","17.6","11.7","21.8","1.5"
"USW00014913","DULUTH INTERNATIONAL AIRPORT, MN US","1995-03","1.98","20.9","28.1","35.1","21.2"
"USW00014913","DULUTH INTERNATIONAL AIRPORT, MN US","1995-04","2.19","16.2","34.6","42.6","26.7"
"USW00014913","DULUTH INTERNATIONAL AIRPORT, MN US","1995-05","4.13","0.0","52.3","63.2","41.5"
"USW00014913","DULUTH INTERNATIONAL AIRPORT, MN US","1995-06","0.56","0.0","65.1","76.3","53.9"
"USW00014913","DULUTH INTERNATIONAL AIRPORT, MN US","1995-07","5.74","0.0","66.7","77.1","56.4"
"USW00014913","DULUTH INTERNATIONAL AIRPORT, MN US","1995-08","6.67","0.0","67.4","75.9","58.8"
"USW00014913","DULUTH INTERNATIONAL AIRPORT, MN US","1995-09","3.02","0.1","55.1","64.9","45.2"
"USW00014913","DULUTH INTERNATIONAL AIRPORT, MN US","1995-10","4.25","9.7","43.7","50.7","36.7"
"USW00014913","DULUTH INTERNATIONAL AIRPORT, MN US","1995-11","1.84","20.4","20.6","27.3","13.9"
"USW00014913","DULUTH INTERNATIONAL AIRPORT, MN US","1995-12","1.54","25.9","12.1","19.7","4.5"
"USW00014913","DULUTH INTERNATIONAL AIRPORT, MN US","1996-01","1.35","34.0","2.2","13.7","-9.3"
"USW00014913","DULUTH INTERNATIONAL AIRPORT, MN US","1996-02","1.11","21.3","11.9","20.7","3.0"
"USW00014913","DULUTH INTERNATIONAL AIRPORT, MN US","1996-03","0.50","11.4","19.4","28.3","10.4"
"USW00014913","DULUTH INTERNATIONAL AIRPORT, MN US","1996-04","1.47","12.6","33.7","41.7","25.6"
"USW00014913","DULUTH INTERNATIONAL AIRPORT, MN US","1996-05","1.61","0.0","48.1","58.4","37.9"
"USW00014913","DULUTH INTERNATIONAL AIRPORT, MN US","1996-06","5.10",,"60.4","70.2","50.6"
"USW00014913","DULUTH INTERNATIONAL AIRPORT, MN US","1996-07","8.38",,"62.1","71.2","53.0"
"USW00014913","DULUTH INTERNATIONAL AIRPORT, MN US","1996-08","2.92",,"65.4","75.4","55.4"
"USW00014913","DULUTH INTERNATIONAL AIRPORT, MN US","1996-09","5.34",,"56.2","63.7","48.6"
"USW00014913","DULUTH INTERNATIONAL AIRPORT, MN US","1996-10","3.08",,"43.6","52.4","34.8"
"USW00014913","DULUTH INTERNATIONAL AIRPORT, MN US","1996-11","3.95","16.0","21.6","28.1","15.0"
"USW00014913","DULUTH INTERNATIONAL AIRPORT, MN US","1996-12","0.87","42.3","11.2","17.6","4.8"
"USW00014913","DULUTH INTERNATIONAL AIRPORT, MN US","1997-01","0.95","35.6","7.0","15.0","-0.9"
"USW00014913","DULUTH INTERNATIONAL AIRPORT, MN US","1997-02","0.23","9.0","14.5","24.5","4.5"
"USW00014913","DULUTH INTERNATIONAL AIRPORT, MN US","1997-03","1.48","23.7","23.4","31.3","15.6"
"USW00014913","DULUTH INTERNATIONAL AIRPORT, MN US","1997-04","1.08","1.7","35.6","45.3","26.0"
"USW00014913","DULUTH INTERNATIONAL AIRPORT, MN US","1997-05","1.90","0.1","45.8","55.6","35.9"
"USW00014913","DULUTH INTERNATIONAL AIRPORT, MN US","1997-06","5.17","0.0","62.2","73.6","50.7"
"USW00014913","DULUTH INTERNATIONAL AIRPORT, MN US","1997-07","4.33","0.0","63.8","73.1","54.5"
"USW00014913","DULUTH INTERNATIONAL AIRPORT, MN US","1997-08","1.26","0.0","61.0","70.0","52.0"
"USW00014913","DULUTH INTERNATIONAL AIRPORT, MN US","1997-09","1.74","0.0","57.5","66.7","48.2"
"USW00014913","DULUTH INTERNATIONAL AIRPORT, MN US","1997-10","2.30","1.2","43.9","52.3","35.4"
"USW00014913","DULUTH INTERNATIONAL AIRPORT, MN US","1997-11","0.43","17.0","24.9","31.3","18.5"
"USW00014913","DULUTH INTERNATIONAL AIRPORT, MN US","1997-12","0.13","6.1","22.7","29.2","16.1"
"USW00014913","DULUTH INTERNATIONAL AIRPORT, MN US","1998-01","0.37","29.9","16.4","22.1","10.7"
"USW00014913","DULUTH INTERNATIONAL AIRPORT, MN US","1998-02","2.72","9.6","29.0","34.4","23.5"
"USW00014913","DULUTH INTERNATIONAL AIRPORT, MN US","1998-03","1.85","14.3","25.4","32.8","18.1"
"USW00014913","DULUTH INTERNATIONAL AIRPORT, MN US","1998-04","1.42","2.3","44.1","54.8","33.4"
"USW00014913","DULUTH INTERNATIONAL AIRPORT, MN US","1998-05","2.21","0.0","55.9","67.1","44.7"
"USW00014913","DULUTH INTERNATIONAL AIRPORT, MN US","1998-06","6.13","0.0","58.7","67.7","49.8"
"USW00014913","DULUTH INTERNATIONAL AIRPORT, MN US","1998-07","1.72","0.0","65.7","76.3","55.1"
"USW00014913","DULUTH INTERNATIONAL AIRPORT, MN US","1998-08","2.59","0.0","67.1","76.6","57.5"
"USW00014913","DULUTH INTERNATIONAL AIRPORT, MN US","1998-09","3.33","0.0","59.3","69.6","49.0"
"USW00014913","DULUTH INTERNATIONAL AIRPORT, MN US","1998-10","4.21","0.0","45.9","54.1","37.8"
"USW00014913","DULUTH INTERNATIONAL AIRPORT, MN US","1998-11","3.43","15.7","32.1","38.2","25.9"
"USW00014913","DULUTH INTERNATIONAL AIRPORT, MN US","1998-12","1.57","12.8","18.7","26.7","10.7"
"USW00014913","DULUTH INTERNATIONAL AIRPORT, MN US","1999-01","0.88","19.0","9.2","16.8","1.7"
"USW00014913","DULUTH INTERNATIONAL AIRPORT, MN US","1999-02","0.64","13.5","21.2","29.6","12.9"
"USW00014913","DULUTH INTERNATIONAL AIRPORT, MN US","1999-03","0.76","17.7","27.8","37.3","18.3"
"USW00014913","DULUTH INTERNATIONAL AIRPORT, MN US","1999-04","2.96","11.5","41.4","50.3","32.5"
"USW00014913","DULUTH INTERNATIONAL AIRPORT, MN US","1999-05","2.93","0.0","53.6","63.8","43.4"
"USW00014913","DULUTH INTERNATIONAL AIRPORT, MN US","1999-06","4.72","0.0","60.6","70.6","50.6"
"USW00014913","DULUTH INTERNATIONAL AIRPORT, MN US","1999-07","8.74","0.0","67.6","77.9","57.3"
"USW00014913","DULUTH INTERNATIONAL AIRPORT, MN US","1999-08","7.42","0.0","63.5","72.7","54.2"
"USW00014913","DULUTH INTERNATIONAL AIRPORT, MN US","1999-09","5.80","0.0","54.5","63.9","45.1"
"USW00014913","DULUTH INTERNATIONAL AIRPORT, MN US","1999-10","2.35","0.0","42.3","51.2","33.4"
"USW00014913","DULUTH INTERNATIONAL AIRPORT, MN US","1999-11","0.70","6.2","36.1","44.1","28.2"
"USW00014913","DULUTH INTERNATIONAL AIRPORT, MN US","1999-12","0.23","4.4","19.7","27.5","11.9"
"USW00014913","DULUTH INTERNATIONAL AIRPORT, MN US","2000-01","0.77","16.5","10.2","20.2","0.2"
"USW00014913","DULUTH INTERNATIONAL AIRPORT, MN US","2000-02","1.08","13.3","21.4","30.4","12.4"
"USW00014913","DULUTH INTERNATIONAL AIRPORT, MN US","2000-03","2.65","9.5","33.3","43.2","23.5"
"USW00014913","DULUTH INTERNATIONAL AIRPORT, MN US","2000-04","1.39","5.6","38.1","47.7","28.5"
"USW00014913","DULUTH INTERNATIONAL AIRPORT, MN US","2000-05","3.08","0.0","52.9","64.5","41.2"
"USW00014913","DULUTH INTERNATIONAL AIRPORT, MN US","2000-06","4.19","0.0","56.0","66.7","45.3"
"USW00014913","DULUTH INTERNATIONAL AIRPORT, MN US","2000-07","3.50","0.0","64.5","74.3","54.8"
"USW00014913","DULUTH INTERNATIONAL AIRPORT, MN US","2000-08","4.42","0.0","64.7","73.9","55.5"
"USW00014913","DULUTH INTERNATIONAL AIRPORT, MN US","2000-09","2.02","0.0","53.9","64.5","43.3"
"USW00014913","DULUTH INTERNATIONAL AIRPORT, MN US","2000-10","2.28","0.0","46.8","56.2","37.5"
"USW00014913","DULUTH INTERNATIONAL AIRPORT, MN US","2000-11","5.08","17.5","28.6","33.7","23.5"
"USW00014913","DULUTH INTERNATIONAL AIRPORT, MN US","2000-12","0.93","19.3","4.4","11.4","-2.7"
"USW00014913","DULUTH INTERNATIONAL AIRPORT, MN US","2001-01","1.26","14.8","17.4","25.2","9.5"
"USW00014913","DULUTH INTERNATIONAL AIRPORT, MN US","2001-02","1.76","32.1","7.7","17.5","-2.0"
"USW00014913","DULUTH INTERNATIONAL AIRPORT, MN US","2001-03","0.69","8.0","24.4","33.5","15.3"
"USW00014913","DULUTH INTERNATIONAL AIRPORT, MN US","2001-04","8.18","7.7","39.8","48.5","31.0"
"USW00014913","DULUTH INTERNATIONAL AIRPORT, MN US","2001-05","3.50","0.0","52.8","62.4","43.2"
"USW00014913","DULUTH INTERNATIONAL AIRPORT, MN US","2001-06","3.06","0.0","60.9","71.3","50.5"
"USW00014913","DULUTH INTERNATIONAL AIRPORT, MN US","2001-07","1.89","0.0","65.7","76.5","54.9"
"USW00014913","DULUTH INTERNATIONAL AIRPORT, MN US","2001-08","3.31","0.0","67.0","78.3","55.7"
"USW00014913","DULUTH INTERNATIONAL AIRPORT, MN US","2001-09","1.41","0.0","55.3","65.0","45.7"
"USW00014913","DULUTH INTERNATIONAL AIRPORT, MN US","2001-10","2.43","2.0","43.4","52.3","34.5"
"USW00014913","DULUTH INTERNATIONAL AIRPORT, MN US","2001-11","2.21","11.5","39.5","47.0","32.0"
"USW00014913","DULUTH INTERNATIONAL AIRPORT, MN US","2001-12","0.55","7.3","22.2","28.7","15.7"
"USW00014913","DULUTH INTERNATIONAL AIRPORT, MN US","2002-01","0.41","11.3","17.8","26.3","9.3"
"USW00014913","DULUTH INTERNATIONAL AIRPORT, MN US","2002-02","0.65","11.2","21.5","30.3","12.6"
"USW00014913","DULUTH INTERNATIONAL AIRPORT, MN US","2002-03","1.88","29.8","18.3","26.9","9.6"
"USW00014913","DULUTH INTERNATIONAL AIRPORT, MN US","2002-04","2.72","11.7","37.2","45.4","29.0"
"USW00014913","DULUTH INTERNATIONAL AIRPORT, MN US","2002-05","2.05","1.5","46.6","57.4","35.8"
"USW00014913","DULUTH INTERNATIONAL AIRPORT, MN US","2002-06","5.75","0.0","61.8","71.9","51.6"
"USW00014913","DULUTH INTERNATIONAL AIRPORT, MN US","2002-07","5.40","0.0","69.1","79.3","58.8"
"USW00014913","DULUTH INTERNATIONAL AIRPORT, MN US","2002-08","4.22","0.0","63.6","72.7","54.5"
"USW00014913","DULUTH INTERNATIONAL AIRPORT, MN US","2002-09","3.93","0.0","58.0","67.4","48.6"
"USW00014913","DULUTH INTERNATIONAL AIRPORT, MN US","2002-10","3.05","6.3","35.6","42.2","29.0"
"USW00014913","DULUTH INTERNATIONAL AIRPORT, MN US","2002-11","0.34","4.3","25.6","32.9","18.3"
"USW00014913","DULUTH INTERNATIONAL AIRPORT, MN US","2002-12","0.81","3.4","20.1","27.1","13.2"
"USW00014913","DULUTH INTERNATIONAL AIRPORT, MN US","2003-01","0.23","5.9","9.0","17.7","0.2"
"USW00014913","DULUTH INTERNATIONAL AIRPORT, MN US","2003-02","0.23","6.5","9.1","18.7","-0.5"
"USW00014913","DULUTH INTERNATIONAL AIRPORT, MN US","2003-03","1.03","17.2","22.9","31.7","14.0"
"USW00014913","DULUTH INTERNATIONAL AIRPORT, MN US","2003-04","2.04","12.9","38.2","47.7","28.8"
"USW00014913","DULUTH INTERNATIONAL AIRPORT, MN US","2003-05","3.54","0.0","50.7","62.0","39.4"
"USW00014913","DULUTH INTERNATIONAL AIRPORT, MN US","2003-06","3.48","0.0","59.8","70.8","48.7"
"USW00014913","DULUTH INTERNATIONAL AIRPORT, MN US","2003-07","4.79","0.0","66.2","76.7","55.8"
"USW00014913","DULUTH INTERNATIONAL AIRPORT, MN US","2003-08","2.31","0.0","67.6","77.7","57.5"
"USW00014913","DULUTH INTERNATIONAL AIRPORT, MN US","2003-09","3.52","0.0","56.2","65.5","46.9"
"USW00014913","DULUTH INTERNATIONAL AIRPORT, MN US","2003-10","1.57","4.5","44.3","53.3","35.3"
"USW00014913","DULUTH INTERNATIONAL AIRPORT, MN US","2003-11","1.70","19.4","26.6","33.4","19.9"
"USW00014913","DULUTH INTERNATIONAL AIRPORT, MN US","2003-12","0.54","8.4","20.5","28.2","12.8"
"USW00014913","DULUTH INTERNATIONAL AIRPORT, MN US","2004-01","1.90","42.3","3.9","12.8","-4.9"
"USW00014913","DULUTH INTERNATIONAL AIRPORT, MN US","2004-02","1.48","23.5","18.8","26.8","10.9"
"USW00014913","DULUTH INTERNATIONAL AIRPORT, MN US","2004-03","2.11","11.6","28.2","36.0","20.5"
"USW00014913","DULUTH INTERNATIONAL AIRPORT, MN US","2004-04","1.38","0.3","39.4","49.7","29.1"
"USW00014913","DULUTH INTERNATIONAL AIRPORT, MN US","2004-05","3.56","0.0","46.7","56.1","37.3"
"USW00014913","DULUTH INTERNATIONAL AIRPORT, MN US","2004-06","1.88","0.0","57.3","68.4","46.1"
"USW00014913","DULUTH INTERNATIONAL AIRPORT, MN US","2004-07","3.72","0.0","63.4","73.7","53.1"
"USW00014913","DULUTH INTERNATIONAL AIRPORT, MN US","2004-08","3.72","0.0","58.8","68.6","49.1"
"USW00014913","DULUTH INTERNATIONAL AIRPORT, MN US","2004-09","4.31","0.0","59.1","67.9","50.4"
"USW00014913","DULUTH INTERNATIONAL AIRPORT, MN US","2004-10","3.17","0.0","45.3","52.8","37.7"
"USW00014913","DULUTH INTERNATIONAL AIRPORT, MN US","2004-11","0.49","1.4","33.4","41.3","25.5"
"USW00014913","DULUTH INTERNATIONAL AIRPORT, MN US","2004-12","2.14","17.3","14.0","23.0","5.0"
"USW00014913","DULUTH INTERNATIONAL AIRPORT, MN US","2005-01","2.52","45.7","7.7","16.6","-1.3"
"USW00014913","DULUTH INTERNATIONAL AIRPORT, MN US","2005-02","1.06","20.2","19.3","27.3","11.4"
"USW00014913","DULUTH INTERNATIONAL AIRPORT, MN US","2005-03","0.52","6.3","23.1","33.0","13.3"
"USW00014913","DULUTH INTERNATIONAL AIRPORT, MN US","2005-04","1.24","0.5","43.0","52.9","33.2"
"USW00014913","DULUTH INTERNATIONAL AIRPORT, MN US","2005-05","4.43","0.1","48.9","57.5","40.3"
"USW00014913","DULUTH INTERNATIONAL AIRPORT, MN US","2005-06","5.46","0.0","61.7","71.6","51.9"
"USW00014913","DULUTH INTERNATIONAL AIRPORT, MN US","2005-07","0.83","0.0","67.6","77.8","57.3"
"USW00014913","DULUTH INTERNATIONAL AIRPORT, MN US","2005-08","2.34","0.0","64.7","74.8","54.6"
"USW00014913","DULUTH INTERNATIONAL AIRPORT, MN US","2005-09","3.60","0.0","59.7","69.6","49.8"
"USW00014913","DULUTH INTERNATIONAL AIRPORT, MN US","2005-10","4.86","0.1","45.9","53.8","38.0"
"USW00014913","DULUTH INTERNATIONAL AIRPORT, MN US","2005-11","3.02","11.5","30.6","38.1","23.2"
"USW00014913","DULUTH INTERNATIONAL AIRPORT, MN US","2005-12","2.55","34.7","17.7","22.8","12.6"
"USW00014913","DULUTH INTERNATIONAL AIRPORT, MN US","2006-01","0.48","7.4","23.7","30.4","17.1"
"USW00014913","DULUTH INTERNATIONAL AIRPORT, MN US","2006-02","0.95","23.5","11.7","21.4","2.1"
"USW00014913","DULUTH INTERNATIONAL AIRPORT, MN US","2006-03","1.56","12.5","28.7","36.0","21.3"
"USW00014913","DULUTH INTERNATIONAL AIRPORT, MN US","2006-04","1.61","0.0","45.7","55.8","35.5"
"USW00014913","DULUTH INTERNATIONAL AIRPORT, MN US","2006-05","4.72","0.0","53.1","62.0","44.1"
"USW00014913","DULUTH INTERNATIONAL AIRPORT, MN US","2006-06","3.53","0.0","62.9","73.3","52.4"
"USW00014913","DULUTH INTERNATIONAL AIRPORT, MN US","2006-07","3.47","0.0","71.9","83.2","60.6"
"USW00014913","DULUTH INTERNATIONAL AIRPORT, MN US","2006-08","1.17","0.0","66.0","75.5","56.5"
"USW00014913","DULUTH INTERNATIONAL AIRPORT, MN US","2006-09","2.86","0.0","54.3","64.0","44.7"
"USW00014913","DULUTH INTERNATIONAL AIRPORT, MN US","2006-10","1.78","4.1","39.8","48.3","31.3"
"USW00014913","DULUTH INTERNATIONAL AIRPORT, MN US","2006-11","1.22","4.0","31.8","38.5","25.1"
"USW00014913","DULUTH INTERNATIONAL AIRPORT, MN US","2006-12","1.23","10.1","23.8","30.1","17.5"
"USW00014913","DULUTH INTERNATIONAL AIRPORT, MN US","2007-01","0.20","4.5","13.7","21.4","6.0"
"USW00014913","DULUTH INTERNATIONAL AIRPORT, MN US","2007-02","1.48","19.7","8.0","15.7","0.2"
"USW00014913","DULUTH INTERNATIONAL AIRPORT, MN US","2007-03","2.50","25.5","29.4","38.8","20.0"
"USW00014913","DULUTH INTERNATIONAL AIRPORT, MN US","2007-04","2.22","12.7","38.9","49.1","28.6"
"USW00014913","DULUTH INTERNATIONAL AIRPORT, MN US","2007-05","3.39","0.1","53.9","64.6","43.2"
"USW00014913","DULUTH INTERNATIONAL AIRPORT, MN US","2007-06","2.68","0.0","63.1","74.1","52.0"
"USW00014913","DULUTH INTERNATIONAL AIRPORT, MN US","2007-07","1.87","0.0","67.4","78.2","56.6"
"USW00014913","DULUTH INTERNATIONAL AIRPORT, MN US","2007-08","1.39","0.0","65.1","75.3","54.9"
"USW00014913","DULUTH INTERNATIONAL AIRPORT, MN US","2007-09","4.39","0.0","57.4","67.5","47.3"
"USW00014913","DULUTH INTERNATIONAL AIRPORT, MN US","2007-10","6.80","0.0","47.7","55.6","39.9"
"USW00014913","DULUTH INTERNATIONAL AIRPORT, MN US","2007-11","0.66","6.1","28.8","34.8","22.9"
"USW00014913","DULUTH INTERNATIONAL AIRPORT, MN US","2007-12","2.46","35.6","13.4","20.3","6.4"
"USW00014913","DULUTH INTERNATIONAL AIRPORT, MN US","2008-01","0.13","2.9","10.0","18.4","1.6"
"USW00014913","DULUTH INTERNATIONAL AIRPORT, MN US","2008-02","0.38","7.2","10.2","19.2","1.2"
"USW00014913","DULUTH INTERNATIONAL AIRPORT, MN US","2008-03","0.81","13.6","22.3","30.7","13.9"
"USW00014913","DULUTH INTERNATIONAL AIRPORT, MN US","2008-04","3.78","14.6","37.8","45.4","30.3"
"USW00014913","DULUTH INTERNATIONAL AIRPORT, MN US","2008-05","2.74","0.5","48.5","58.9","38.0"
"USW00014913","DULUTH INTERNATIONAL AIRPORT, MN US","2008-06","5.21","0.0","60.0","69.9","50.1"
"USW00014913","DULUTH INTERNATIONAL AIRPORT, MN US","2008-07","4.58","0.0","64.4","74.7","54.2"
"USW00014913","DULUTH INTERNATIONAL AIRPORT, MN US","2008-08","2.90","0.0","64.4","75.1","53.7"
"USW00014913","DULUTH INTERNATIONAL AIRPORT, MN US","2008-09","4.17","0.0","56.2","65.0","47.3"
"USW00014913","DULUTH INTERNATIONAL AIRPORT, MN US","2008-10","2.94","0.2","44.6","52.6","36.6"
"USW00014913","DULUTH INTERNATIONAL AIRPORT, MN US","2008-11","1.44","3.3","28.9","35.1","22.6"
"USW00014913","DULUTH INTERNATIONAL AIRPORT, MN US","2008-12","1.94","37.2","7.0","16.2","-2.1"
"USW00014913","DULUTH INTERNATIONAL AIRPORT, MN US","2009-01","0.54","9.4","3.3","13.1","-6.6"
"USW00014913","DULUTH INTERNATIONAL AIRPORT, MN US","2009-02","0.98","7.2","15.2","24.2","6.2"
"USW00014913","DULUTH INTERNATIONAL AIRPORT, MN US","2009-03","3.37","15.5","24.6","32.6","16.6"
"USW00014913","DULUTH INTERNATIONAL AIRPORT, MN US","2009-04","0.89","1.2","39.7","48.8","30.6"
"USW00014913","DULUTH INTERNATIONAL AIRPORT, MN US","2009-05","2.13","0.0","50.2","62.0","38.3"
"USW00014913","DULUTH INTERNATIONAL AIRPORT, MN US","2009-06","1.81","0.0","58.8","69.3","48.3"
"USW00014913","DULUTH INTERNATIONAL AIRPORT, MN US","2009-07","3.33","0.0","62.1","72.2","52.0"
"USW00014913","DULUTH INTERNATIONAL AIRPORT, MN US","2009-08","6.02","0.0","62.2","71.9","52.5"
"USW00014913","DULUTH INTERNATIONAL AIRPORT, MN US","2009-09","1.40","0.0","62.0","71.6","52.4"
"USW00014913","DULUTH INTERNATIONAL AIRPORT, MN US","2009-10","4.60","3.7","39.0","44.8","33.3"
"USW00014913","DULUTH INTERNATIONAL AIRPORT, MN US","2009-11","1.15","1.1","37.9","45.1","30.7"
"USW00014913","DULUTH INTERNATIONAL AIRPORT, MN US","2009-12","2.90","33.5","12.4","19.1","5.7"
"USW00014913","DULUTH INTERNATIONAL AIRPORT, MN US","2010-01","1.10","14.6","10.6","18.3","3.0"
"USW00014913","DULUTH INTERNATIONAL AIRPORT, MN US","2010-02","0.42","8.5","15.5","26.8","4.2"
"USW00014913","DULUTH INTERNATIONAL AIRPORT, MN US","2010-03","0.94","0.0","37.1","46.7","27.4"
"USW00014913","DULUTH INTERNATIONAL AIRPORT, MN US","2010-04","0.76","0.0","46.1","57.1","35.0"
"USW00014913","DULUTH INTERNATIONAL AIRPORT, MN US","2010-05","5.95","4.5","53.8","65.0","42.5"
"USW00014913","DULUTH INTERNATIONAL AIRPORT, MN US","2010-06","5.26","0.0","59.8","68.8","50.8"
"USW00014913","DULUTH INTERNATIONAL AIRPORT, MN US","2010-07","2.95","0.0","69.0","78.4","59.6"
"USW00014913","DULUTH INTERNATIONAL AIRPORT, MN US","2010-08","6.39","0.0","68.2","77.3","59.0"
"USW00014913","DULUTH INTERNATIONAL AIRPORT, MN US","2010-09","3.48","0.0","52.0","60.6","43.4"
"USW00014913","DULUTH INTERNATIONAL AIRPORT, MN US","2010-10","3.89","7.7","46.9","56.4","37.4"
"USW00014913","DULUTH INTERNATIONAL AIRPORT, MN US","2010-11","2.43","28.0","30.5","37.7","23.2"
"USW00014913","DULUTH INTERNATIONAL AIRPORT, MN US","2010-12","2.08","18.1","12.8","20.0","5.6"
"USW00014913","DULUTH INTERNATIONAL AIRPORT, MN US","2011-01","1.12","18.6","7.1","13.7","0.4"
"USW00014913","DULUTH INTERNATIONAL AIRPORT, MN US","2011-02","0.31","3.3","14.5","23.6","5.5"
"USW00014913","DULUTH INTERNATIONAL AIRPORT, MN US","2011-03","0.83","7.4","24.0","32.5","15.5"
"USW00014913","DULUTH INTERNATIONAL AIRPORT, MN US","2011-04","3.80","10.6","39.1","47.0","31.2"
"USW00014913","DULUTH INTERNATIONAL AIRPORT, MN US","2011-05","2.28","0.0","49.7","59.3","40.0"
"USW00014913","DULUTH INTERNATIONAL AIRPORT, MN US","2011-06","3.72","0.0","58.0","67.0","49.0"
"USW00014913","DULUTH INTERNATIONAL AIRPORT, MN US","2011-07","4.57","0.0","69.8","80.1","59.6"
"USW00014913","DULUTH INTERNATIONAL AIRPORT, MN US","2011-08","5.71","0.0","66.8","76.6","56.9"
"USW00014913","DULUTH INTERNATIONAL AIRPORT, MN US","2011-09","1.48","0.0","56.2","66.4","46.1"
"USW00014913","DULUTH INTERNATIONAL AIRPORT, MN US","2011-10","1.13","0.0","48.5","57.2","39.8"
"USW00014913","DULUTH INTERNATIONAL AIRPORT, MN US","2011-11","0.60","3.7","33.1","40.6","25.6"
"USW00014913","DULUTH INTERNATIONAL AIRPORT, MN US","2011-12","0.56","8.1","21.8","29.2","14.3"
"USW00014913","DULUTH INTERNATIONAL AIRPORT, MN US","2012-01","0.38","5.2","18.0","26.0","9.9"
"USW00014913","DULUTH INTERNATIONAL AIRPORT, MN US","2012-02","1.42","19.7","23.7","31.2","16.2"
"USW00014913","DULUTH INTERNATIONAL AIRPORT, MN US","2012-03","1.63","11.9","39.2","48.3","30.2"
"USW00014913","DULUTH INTERNATIONAL AIRPORT, MN US","2012-04","3.70","0.6","42.4","52.2","32.7"
"USW00014913","DULUTH INTERNATIONAL AIRPORT, MN US","2012-05","6.62","0.0","55.0","65.4","44.6"
"USW00014913","DULUTH INTERNATIONAL AIRPORT, MN US","2012-06","10.03","0.0","64.2","75.8","52.7"
"USW00014913","DULUTH INTERNATIONAL AIRPORT, MN US","2012-07","3.10","0.0","71.9","82.4","61.3"
"USW00014913","DULUTH INTERNATIONAL AIRPORT, MN US","2012-08","1.43","0.0","66.1","77.3","55.0"
"USW00014913","DULUTH INTERNATIONAL AIRPORT, MN US","2012-09","0.84","0.1","56.2","68.4","44.0"
"USW00014913","DULUTH INTERNATIONAL AIRPORT, MN US","2012-10","1.35","1.1","42.5","50.8","34.2"
"USW00014913","DULUTH INTERNATIONAL AIRPORT, MN US","2012-11","1.33","10.1","30.9","38.2","23.7"
"USW00014913","DULUTH INTERNATIONAL AIRPORT, MN US","2012-12","1.44","13.1","18.3","26.0","10.7"
"USW00014913","DULUTH INTERNATIONAL AIRPORT, MN US","2013-01","1.39","9.3","12.1","20.4","3.8"
"USW00014913","DULUTH INTERNATIONAL AIRPORT, MN US","2013-02","1.17","19.2","14.6","23.3","5.9"
"USW00014913","DULUTH INTERNATIONAL AIRPORT, MN US","2013-03","2.04","25.8","21.8","31.5","12.0"
"USW00014913","DULUTH INTERNATIONAL AIRPORT, MN US","2013-04","5.05","50.8","34.5","42.1","26.8"
"USW00014913","DULUTH INTERNATIONAL AIRPORT, MN US","2013-05","3.68","0.0","49.6","59.6","39.5"
"USW00014913","DULUTH INTERNATIONAL AIRPORT, MN US","2013-06","4.54","0.0","61.6","72.0","51.2"
"USW00014913","DULUTH INTERNATIONAL AIRPORT, MN US","2013-07","1.73","0.0","67.8","78.0","57.6"
"USW00014913","DULUTH INTERNATIONAL AIRPORT, MN US","2013-08","1.98","0.0","69.0","80.2","57.8"
"USW00014913","DULUTH INTERNATIONAL AIRPORT, MN US","2013-09","1.26","0.0","59.9","69.8","50.0"
"USW00014913","DULUTH INTERNATIONAL AIRPORT, MN US","2013-10","3.94","0.3","45.0","52.1","37.9"
"USW00014913","DULUTH INTERNATIONAL AIRPORT, MN US","2013-11","0.83","4.8","28.0","35.6","20.4"
"USW00014913","DULUTH INTERNATIONAL AIRPORT, MN US","2013-12","2.89","40.0","4.7","13.2","-3.7"
"USW00014913","DULUTH INTERNATIONAL AIRPORT, MN US","2014-01","0.74","9.4","1.8","11.5","-7.8"
"USW00014913","DULUTH INTERNATIONAL AIRPORT, MN US","2014-02","2.12","29.5","5.5","14.9","-3.9"
"USW00014913","DULUTH INTERNATIONAL AIRPORT, MN US","2014-03","1.91","20.9","18.5","28.4","8.7"
"USW00014913","DULUTH INTERNATIONAL AIRPORT, MN US","2014-04","3.30","26.3","35.2","43.1","27.2"
"USW00014913","DULUTH INTERNATIONAL AIRPORT, MN US","2014-05","4.39","0.0","51.9","62.0","41.8"
"USW00014913","DULUTH INTERNATIONAL AIRPORT, MN US","2014-06","4.47","0.0","60.4","70.2","50.7"
"USW00014913","DULUTH INTERNATIONAL AIRPORT, MN US","2014-07","3.42","0.0","66.3","76.1","56.4"
"USW00014913","DULUTH INTERNATIONAL AIRPORT, MN US","2014-08","4.63","0.0","64.7","72.9","56.6"
"USW00014913","DULUTH INTERNATIONAL AIRPORT, MN US","2014-09","1.65","0.0","57.4","66.6","48.2"
"USW00014913","DULUTH INTERNATIONAL AIRPORT, MN US","2014-10","1.81","0.1","44.8","52.5","37.1"
"USW00014913","DULUTH INTERNATIONAL AIRPORT, MN US","2014-11","0.99","16.4","21.9","28.4","15.4"
"USW00014913","DULUTH INTERNATIONAL AIRPORT, MN US","2014-12","1.26","8.6","21.6","26.7","16.6"
"USW00014913","DULUTH INTERNATIONAL AIRPORT, MN US","2015-01","0.46","6.6","12.8","20.1","5.6"
"USW00014913","DULUTH INTERNATIONAL AIRPORT, MN US","2015-02","0.38","8.2","5.4","14.4","-3.5"
"USW00014913","DULUTH INTERNATIONAL AIRPORT, MN US","2015-03","0.79","8.1","30.7","40.8","20.5"
"USW00014913","DULUTH INTERNATIONAL AIRPORT, MN US","2015-04","1.04","1.2","42.3","52.4","32.2"
"USW00014913","DULUTH INTERNATIONAL AIRPORT, MN US","2015-05","3.74","0.0","51.7","61.9","41.6"
"USW00014913","DULUTH INTERNATIONAL AIRPORT, MN US","2015-06","3.64","0.0","61.4","72.5","50.3"
"USW00014913","DULUTH INTERNATIONAL AIRPORT, MN US","2015-07","3.01","0.0","69.2","79.6","58.9"
"USW00014913","DULUTH INTERNATIONAL AIRPORT, MN US","2015-08","4.09","0.0","65.4","75.3","55.5"
"USW00014913","DULUTH INTERNATIONAL AIRPORT, MN US","2015-09","6.81","0.0","61.5","70.6","52.4"
"USW00014913","DULUTH INTERNATIONAL AIRPORT, MN US","2015-10","1.91","0.0","46.3","54.7","37.8"
"USW00014913","DULUTH INTERNATIONAL AIRPORT, MN US","2015-11","2.76","4.4","36.7","44.3","29.2"
"USW00014913","DULUTH INTERNATIONAL AIRPORT, MN US","2015-12","3.70","24.6","26.5","31.0","22.0"
"USW00014913","DULUTH INTERNATIONAL AIRPORT, MN US","2016-01","1.05","13.0","13.0","20.8","5.1"
"USW00014913","DULUTH INTERNATIONAL AIRPORT, MN US","2016-02","0.83","12.2","17.4","26.4","8.5"
"USW00014913","DULUTH INTERNATIONAL AIRPORT, MN US","2016-03","3.97","17.3","31.7","38.7","24.7"
"USW00014913","DULUTH INTERNATIONAL AIRPORT, MN US","2016-04","2.40","9.8","37.8","45.7","29.9"
"USW00014913","DULUTH INTERNATIONAL AIRPORT, MN US","2016-05","1.87","0.1","53.2","65.0","41.3"
"USW00014913","DULUTH INTERNATIONAL AIRPORT, MN US","2016-06","4.46","0.0","61.5","72.0","50.9"
"USW00014913","DULUTH INTERNATIONAL AIRPORT, MN US","2016-07","4.40","0.0","67.1","77.2","57.0"
"USW00014913","DULUTH INTERNATIONAL AIRPORT, MN US","2016-08","4.96","0.0","67.5","77.0","58.0"
"USW00014913","DULUTH INTERNATIONAL AIRPORT, MN US","2016-09","3.52","0.0","59.9","68.1","51.8"
"USW00014913","DULUTH INTERNATIONAL AIRPORT, MN US","2016-10","1.55","0.0","47.7","55.8","39.6"
"USW00014913","DULUTH INTERNATIONAL AIRPORT, MN US","2016-11","2.60","8.1","40.2","47.8","32.7"
"USW00014913","DULUTH INTERNATIONAL AIRPORT, MN US","2016-12","2.08","21.4","16.0","22.4","9.6"
"USW00014913","DULUTH INTERNATIONAL AIRPORT, MN US","2017-01","1.17","15.6","16.2","23.4","8.9"
"USW00014913","DULUTH INTERNATIONAL AIRPORT, MN US","2017-02","1.80","14.1","22.6","31.1","14.1"
"USW00014913","DULUTH INTERNATIONAL AIRPORT, MN US","2017-03","1.05","5.3","26.4","35.5","17.2"
"USW00014913","DULUTH INTERNATIONAL AIRPORT, MN US","2017-04","3.03","1.9","42.2","52.2","32.3"
"USW00014913","DULUTH INTERNATIONAL AIRPORT, MN US","2017-05","4.11","0.8","50.3","59.9","40.7"
"USW00014913","DULUTH INTERNATIONAL AIRPORT, MN US","2017-06","5.21","0.0","60.9","72.4","49.3"
"USW00014913","DULUTH INTERNATIONAL AIRPORT, MN US","2017-07","4.11","0.0","65.3","76.1","54.4"
"USW00014913","DULUTH INTERNATIONAL AIRPORT, MN US","2017-08","7.24","0.0","61.5","70.4","52.6"
"USW00014913","DULUTH INTERNATIONAL AIRPORT, MN US","2017-09","3.56","0.0","58.6","68.1","49.1"
"USW00014913","DULUTH INTERNATIONAL AIRPORT, MN US","2017-10","3.41","11.1","45.6","53.9","37.3"
"USW00014913","DULUTH INTERNATIONAL AIRPORT, MN US","2017-11","1.32","10.5","25.8","33.1","18.6"
"USW00014913","DULUTH INTERNATIONAL AIRPORT, MN US","2017-12","0.83","13.5","10.7","17.4","4.0"
"USW00014913","DULUTH INTERNATIONAL AIRPORT, MN US","2018-01","0.63","9.1","11.1","20.4","1.8"
"USW00014913","DULUTH INTERNATIONAL AIRPORT, MN US","2018-02","1.74","24.2","10.4","20.4","0.5"
"USW00014913","DULUTH INTERNATIONAL AIRPORT, MN US","2018-03","0.44","5.1","26.2","35.0","17.4"
"USW00014913","DULUTH INTERNATIONAL AIRPORT, MN US","2018-04","1.39","18.5","32.9","42.8","22.9"
"USW00014913","DULUTH INTERNATIONAL AIRPORT, MN US","2018-05","2.21","0.0","57.7","71.1","44.3"
"USW00014913","DULUTH INTERNATIONAL AIRPORT, MN US","2018-06","4.63","0.0","61.8","72.6","51.0"
"USW00014913","DULUTH INTERNATIONAL AIRPORT, MN US","2018-07","3.28","0.0","69.1","80.0","58.2"
"USW00014913","DULUTH INTERNATIONAL AIRPORT, MN US","2018-08","3.86","0.0","67.5","77.4","57.7"
"USW00014913","DULUTH INTERNATIONAL AIRPORT, MN US","2018-09","3.52","0.0","59.1","67.2","51.0"
"USW00014913","DULUTH INTERNATIONAL AIRPORT, MN US","2018-10","4.67","1.5","41.0","47.2","34.9"
"USW00014913","DULUTH INTERNATIONAL AIRPORT, MN US","2018-11","1.67","12.2","23.3","29.5","17.1"
"USW00014913","DULUTH INTERNATIONAL AIRPORT, MN US","2018-12","1.78","19.8","21.7","28.7","14.8"
"USW00014913","DULUTH INTERNATIONAL AIRPORT, MN US","2019-01","0.80","10.4","7.7","16.2","-0.7"
"USW00014913","DULUTH INTERNATIONAL AIRPORT, MN US","2019-02","1.88","36.4","10.8","19.9","1.6"
"USW00014913","DULUTH INTERNATIONAL AIRPORT, MN US","2019-03","1.20","6.7","25.0","34.2","15.7"
"USW00014913","DULUTH INTERNATIONAL AIRPORT, MN US","2019-04","2.20","6.5","40.2","48.7","31.7"
"USW00014913","DULUTH INTERNATIONAL AIRPORT, MN US","2019-05","3.88","13.3","49.3","59.7","39.0"
"USW00014913","DULUTH INTERNATIONAL AIRPORT, MN US","2019-06","4.09","0.0","61.7","73.2","50.2"
"USW00014913","DULUTH INTERNATIONAL AIRPORT, MN US","2019-07","2.64","0.0","71.1","82.1","60.1"
